white,black,time_ratio_mean
mcts-10-10k-epsilon-95,random,433544.5158550404
mcts-10-10k-random,mcts-05-10k-epsilon-75,0.541990937403532
mcts-05-10k-epsilon-75,nega-aggro-3,9.767291315797237
mcts-10-10k-random,mcts-05-10k-epsilon-95,0.9578377071904891
mcts-05-10k-epsilon-75,nega-attack-1,575.7574422159213
mcts-10-10k-random,mcts-05-10k-random,1.2155490226501209
mcts-10-10k-random,mcts-10-10k-epsilon-75,0.35173299722695284
mcts-10-10k-random,mcts-10-10k-epsilon-95,0.7096655688835984
mcts-10-10k-random,mcts-10-10k-random,0.9968903723285972
mcts-10-10k-random,mcts-full-1k-random,0.81189378494095
mcts-10-10k-random,nega-aggro-1,904.5082545399798
mcts-10-10k-random,nega-aggro-2,126.87823149148207
mcts-10-10k-random,nega-aggro-3,6.348011786110609
mcts-05-10k-epsilon-75,mcts-05-10k-epsilon-75,1.0109392708233051
mcts-10-10k-random,nega-attack-1,318.72622709055753
mcts-10-10k-random,nega-attack-2,40.51851064379209
mcts-05-10k-epsilon-75,nega-attack-2,73.14894132726324
mcts-10-10k-random,nega-attack-3,2.3657678947896947
mcts-10-10k-random,nega-center-1,892.9937080121363
mcts-10-10k-random,nega-center-2,109.11185611004953
mcts-10-10k-random,nega-center-3,6.5405336935816605
mcts-10-10k-random,nega-pieces-1,9900.7620261707
mcts-10-10k-random,nega-pieces-2,2110.565080126807
mcts-10-10k-random,nega-pieces-3,183.8117274982692
mcts-10-10k-random,random,306132.71544296696
mcts-05-10k-epsilon-75,mcts-05-10k-epsilon-95,1.776881610418436
mcts-full-1k-random,mcts-05-10k-epsilon-75,0.7433374910464025
mcts-full-1k-random,mcts-05-10k-epsilon-95,1.216704499175969
mcts-05-10k-epsilon-75,nega-attack-3,3.941535270864788
mcts-full-1k-random,mcts-05-10k-random,1.576286423118573
mcts-full-1k-random,mcts-10-10k-epsilon-75,0.4527894850048897
mcts-full-1k-random,mcts-10-10k-epsilon-95,0.9198616455242415
mcts-full-1k-random,mcts-10-10k-random,1.2330580584001711
mcts-full-1k-random,mcts-full-1k-random,1.0023025365637837
mcts-full-1k-random,nega-aggro-1,1396.5846086795882
mcts-full-1k-random,nega-aggro-2,141.95166073756366
mcts-full-1k-random,nega-aggro-3,7.66743161703706
mcts-full-1k-random,nega-attack-1,518.9510698893592
mcts-full-1k-random,nega-attack-2,59.392742370447266
mcts-05-10k-epsilon-75,nega-center-1,1462.4404575104804
mcts-full-1k-random,nega-attack-3,2.6873472998770955
mcts-full-1k-random,nega-center-1,1423.7985349051212
mcts-full-1k-random,nega-center-2,168.21174232292
mcts-full-1k-random,nega-center-3,7.622933171210493
mcts-full-1k-random,nega-pieces-1,14082.34775898997
mcts-full-1k-random,nega-pieces-2,2401.752688280948
mcts-full-1k-random,nega-pieces-3,172.73471615411145
mcts-full-1k-random,random,403206.2838054727
nega-aggro-1,mcts-05-10k-epsilon-75,0.0007652619867592862
nega-aggro-1,mcts-05-10k-epsilon-95,0.0011888290753873335
mcts-05-10k-epsilon-75,nega-center-2,254.01650317605458
nega-aggro-1,mcts-05-10k-random,0.0016178261803753233
nega-aggro-1,mcts-10-10k-epsilon-75,0.0004209189901827729
nega-aggro-1,mcts-10-10k-epsilon-95,0.0008301866292718984
nega-aggro-1,mcts-10-10k-random,0.0011297511847188863
nega-aggro-1,mcts-full-1k-random,0.0008199717159295819
nega-aggro-1,nega-aggro-1,1.1787600110321843
nega-aggro-1,nega-aggro-2,0.09963664494138336
nega-aggro-1,nega-aggro-3,0.00488898611597594
nega-aggro-1,nega-attack-1,0.3059418817073868
nega-aggro-1,nega-attack-2,0.03631782863162613
mcts-05-10k-epsilon-75,nega-center-3,10.96846931334261
nega-aggro-1,nega-attack-3,0.0019515388219148507
nega-aggro-1,nega-center-1,0.8874612401127727
nega-aggro-1,nega-center-2,0.09935981890058546
nega-aggro-1,nega-center-3,0.004861170587941237
nega-aggro-1,nega-pieces-1,7.1179804960544555
nega-aggro-1,nega-pieces-2,1.4397474563811135
nega-aggro-1,nega-pieces-3,0.09121447730110965
nega-aggro-1,random,359.9717833130892
nega-aggro-2,mcts-05-10k-epsilon-75,0.004567887290624802
nega-aggro-2,mcts-05-10k-epsilon-95,0.008667692708838593
mcts-05-10k-epsilon-75,nega-pieces-1,18758.561719965466
nega-aggro-2,mcts-05-10k-random,0.01208428525690133
nega-aggro-2,mcts-10-10k-epsilon-75,0.0035760966937249
nega-aggro-2,mcts-10-10k-epsilon-95,0.0068435583705072685
nega-aggro-2,mcts-10-10k-random,0.00870319097914363
nega-aggro-2,mcts-full-1k-random,0.008267762189297825
nega-aggro-2,nega-aggro-1,11.324618341489344
nega-aggro-2,nega-aggro-2,1.0680976903291644
nega-aggro-2,nega-aggro-3,0.06241174434176074
nega-aggro-2,nega-attack-1,4.327642910824599
nega-aggro-2,nega-attack-2,0.336916544997173
mcts-05-10k-epsilon-75,nega-pieces-2,4138.911917597752
nega-aggro-2,nega-attack-3,0.023221098010377687
nega-aggro-2,nega-center-1,12.940954854529195
nega-aggro-2,nega-center-2,1.0239256713774834
nega-aggro-2,nega-center-3,0.06765949328148646
nega-aggro-2,nega-pieces-1,166.4160411006321
nega-aggro-2,nega-pieces-2,13.01614683420895
nega-aggro-2,nega-pieces-3,1.2511064193353854
nega-aggro-2,random,3530.3522784239685
nega-aggro-3,mcts-05-10k-epsilon-75,0.12282039027103502
nega-aggro-3,mcts-05-10k-epsilon-95,0.236431684602571
mcts-05-10k-epsilon-75,nega-pieces-3,252.63540482325635
nega-aggro-3,mcts-05-10k-random,0.29838527121796843
nega-aggro-3,mcts-10-10k-epsilon-75,0.07367532770154415
nega-aggro-3,mcts-10-10k-epsilon-95,0.1813446784251844
nega-aggro-3,mcts-10-10k-random,0.23985493767924834
nega-aggro-3,mcts-full-1k-random,0.19032073745513559
nega-aggro-3,nega-aggro-1,311.82700377211575
nega-aggro-3,nega-aggro-2,14.777284571370197
nega-aggro-3,nega-aggro-3,0.9220228682403281
nega-aggro-3,nega-attack-1,95.93578317113608
nega-aggro-3,nega-attack-2,4.518416711726538
mcts-05-10k-epsilon-75,random,529421.6536495516
nega-aggro-3,nega-attack-3,0.33177485641047466
nega-aggro-3,nega-center-1,257.3610009397739
nega-aggro-3,nega-center-2,17.681381374614116
nega-aggro-3,nega-center-3,1.1881397246345964
nega-aggro-3,nega-pieces-1,4351.306093853491
nega-aggro-3,nega-pieces-2,261.3908763848709
nega-aggro-3,nega-pieces-3,21.96882092174065
nega-aggro-3,random,74998.13757668296
nega-attack-1,mcts-05-10k-epsilon-75,0.0019020323213493316
nega-attack-1,mcts-05-10k-epsilon-95,0.003329629155068933
mcts-05-10k-epsilon-95,mcts-05-10k-epsilon-75,0.5943456841047372
nega-attack-1,mcts-05-10k-random,0.003922112147355211
nega-attack-1,mcts-10-10k-epsilon-75,0.0011104581881836602
nega-attack-1,mcts-10-10k-epsilon-95,0.0021883894903466706
nega-attack-1,mcts-10-10k-random,0.0029148214066977906
nega-attack-1,mcts-full-1k-random,0.0019093254096897046
nega-attack-1,nega-aggro-1,3.885807000316526
nega-attack-1,nega-aggro-2,0.2431661453599041
nega-attack-1,nega-aggro-3,0.012087557522524052
nega-attack-1,nega-attack-1,1.1599609621161333
nega-attack-1,nega-attack-2,0.09537102485921077
mcts-05-10k-epsilon-95,mcts-05-10k-epsilon-95,1.0052663694466348
nega-attack-1,nega-attack-3,0.0045872759712364325
nega-attack-1,nega-center-1,2.8926084620897923
nega-attack-1,nega-center-2,0.25564134131513316
nega-attack-1,nega-center-3,0.01321520517028762
nega-attack-1,nega-pieces-1,25.197911019804064
nega-attack-1,nega-pieces-2,3.6795484790104225
nega-attack-1,nega-pieces-3,0.28034608941167966
nega-attack-1,random,1055.9917288629945
mcts-05-10k-epsilon-75,mcts-05-10k-random,2.2055007060588836
nega-attack-2,mcts-05-10k-epsilon-75,0.015293860260901865
nega-attack-2,mcts-05-10k-epsilon-95,0.021474948709678338
mcts-05-10k-epsilon-95,mcts-05-10k-random,1.2654057377455021
nega-attack-2,mcts-05-10k-random,0.03534555938030437
nega-attack-2,mcts-10-10k-epsilon-75,0.009746843400539194
nega-attack-2,mcts-10-10k-epsilon-95,0.01768921576786176
nega-attack-2,mcts-10-10k-random,0.02446586724194889
nega-attack-2,mcts-full-1k-random,0.021630525989582643
nega-attack-2,nega-aggro-1,29.193109772918795
nega-attack-2,nega-aggro-2,3.5177854433379077
nega-attack-2,nega-aggro-3,0.2264570484342412
nega-attack-2,nega-attack-1,12.242438882307974
nega-attack-2,nega-attack-2,1.0498211828260775
mcts-05-10k-epsilon-95,mcts-10-10k-epsilon-75,0.36892579685322924
nega-attack-2,nega-attack-3,0.07600021325266641
nega-attack-2,nega-center-1,30.520606212396622
nega-attack-2,nega-center-2,2.9285972949814076
nega-attack-2,nega-center-3,0.19450955154763389
nega-attack-2,nega-pieces-1,408.62301791107257
nega-attack-2,nega-pieces-2,44.687260582770385
nega-attack-2,nega-pieces-3,5.268529008843127
nega-attack-2,random,8325.116232517501
nega-attack-3,mcts-05-10k-epsilon-75,0.3522737376799936
nega-attack-3,mcts-05-10k-epsilon-95,0.5764402995284035
mcts-05-10k-epsilon-95,mcts-10-10k-epsilon-95,0.7261361480552981
nega-attack-3,mcts-05-10k-random,0.7290420078876166
nega-attack-3,mcts-10-10k-epsilon-75,0.2017025268646675
nega-attack-3,mcts-10-10k-epsilon-95,0.41244385092933716
nega-attack-3,mcts-10-10k-random,0.633962473395537
nega-attack-3,mcts-full-1k-random,0.5645197707590274
nega-attack-3,nega-aggro-1,728.5159951034655
nega-attack-3,nega-aggro-2,53.663514799346615
nega-attack-3,nega-aggro-3,3.4201218248052463
nega-attack-3,nega-attack-1,289.56481645731276
nega-attack-3,nega-attack-2,14.820846256082968
mcts-05-10k-epsilon-95,mcts-10-10k-random,1.0323763881124077
nega-attack-3,nega-attack-3,1.1974365315663635
nega-attack-3,nega-center-1,781.5080483473736
nega-attack-3,nega-center-2,51.29237726065561
nega-attack-3,nega-center-3,3.1615903647106793
nega-attack-3,nega-pieces-1,12483.268940768327
nega-attack-3,nega-pieces-2,1004.3053084335028
nega-attack-3,nega-pieces-3,75.4703911538874
nega-attack-3,random,173624.2297499272
nega-center-1,mcts-05-10k-epsilon-75,0.0007438790858830577
nega-center-1,mcts-05-10k-epsilon-95,0.0013325443457042475
mcts-05-10k-epsilon-95,mcts-full-1k-random,0.822333818089285
nega-center-1,mcts-05-10k-random,0.0015594978863831901
nega-center-1,mcts-10-10k-epsilon-75,0.00048335789889294946
nega-center-1,mcts-10-10k-epsilon-95,0.0009648709353882867
nega-center-1,mcts-10-10k-random,0.0013430823691291515
nega-center-1,mcts-full-1k-random,0.0008375191793541044
nega-center-1,nega-aggro-1,1.2505126863859037
nega-center-1,nega-aggro-2,0.09200285733238749
nega-center-1,nega-aggro-3,0.004317773906056187
nega-center-1,nega-attack-1,0.3128161315241346
nega-center-1,nega-attack-2,0.030911496099640105
mcts-05-10k-epsilon-95,nega-aggro-1,888.0966206701394
nega-center-1,nega-attack-3,0.0018965506120522807
nega-center-1,nega-center-1,0.8344223971282982
nega-center-1,nega-center-2,0.10094136043451225
nega-center-1,nega-center-3,0.005176811262093658
nega-center-1,nega-pieces-1,10.814789370566126
nega-center-1,nega-pieces-2,1.3405852444898763
nega-center-1,nega-pieces-3,0.09879204804418698
nega-center-1,random,392.91014066358764
nega-center-2,mcts-05-10k-epsilon-75,0.007514540015478533
nega-center-2,mcts-05-10k-epsilon-95,0.011118851956061482
mcts-05-10k-epsilon-95,nega-aggro-2,145.52444043775276
nega-center-2,mcts-05-10k-random,0.016025846336367663
nega-center-2,mcts-10-10k-epsilon-75,0.003604049331356319
nega-center-2,mcts-10-10k-epsilon-95,0.009499562137239083
nega-center-2,mcts-10-10k-random,0.011654923396390165
nega-center-2,mcts-full-1k-random,0.008224720959282936
nega-center-2,nega-aggro-1,15.094582861500504
nega-center-2,nega-aggro-2,1.002619606078396
nega-center-2,nega-aggro-3,0.07465547812874854
nega-center-2,nega-attack-1,5.135416043798737
nega-center-2,nega-attack-2,0.3576163250394968
mcts-05-10k-epsilon-95,nega-aggro-3,6.692829068598025
nega-center-2,nega-attack-3,0.02148147199316421
nega-center-2,nega-center-1,15.29042955282362
nega-center-2,nega-center-2,1.148685056532834
nega-center-2,nega-center-3,0.0860158064573343
nega-center-2,nega-pieces-1,191.38425253968137
nega-center-2,nega-pieces-2,17.999693070677473
nega-center-2,nega-pieces-3,1.453898751426665
nega-center-2,random,4252.9469487961505
nega-center-3,mcts-05-10k-epsilon-75,0.11530828626674158
nega-center-3,mcts-05-10k-epsilon-95,0.18263123661359618
mcts-05-10k-epsilon-95,nega-attack-1,348.5804973823639
nega-center-3,mcts-05-10k-random,0.2256431882721272
nega-center-3,mcts-10-10k-epsilon-75,0.06841722227488532
nega-center-3,mcts-10-10k-epsilon-95,0.13121160903179077
nega-center-3,mcts-10-10k-random,0.189495237885419
nega-center-3,mcts-full-1k-random,0.15230680797842736
nega-center-3,nega-aggro-1,213.19872019680747
nega-center-3,nega-aggro-2,15.551927850261468
nega-center-3,nega-aggro-3,0.9589730074285956
nega-center-3,nega-attack-1,62.53365287180476
nega-center-3,nega-attack-2,5.529893392684615
mcts-05-10k-epsilon-95,nega-attack-2,52.95408867890743
nega-center-3,nega-attack-3,0.3541589403020097
nega-center-3,nega-center-1,238.3913309826997
nega-center-3,nega-center-2,14.418615712717003
nega-center-3,nega-center-3,1.0003479176722336
nega-center-3,nega-pieces-1,3009.2326712849094
nega-center-3,nega-pieces-2,260.0709225307805
nega-center-3,nega-pieces-3,26.021557264554758
nega-center-3,random,74614.62781854489
mcts-05-10k-epsilon-75,mcts-10-10k-epsilon-75,0.6216206112073379
nega-pieces-1,mcts-05-10k-epsilon-75,0.000060325022994833125
nega-pieces-1,mcts-05-10k-epsilon-95,0.00010087678327593363
mcts-05-10k-epsilon-95,nega-attack-3,2.076103935984896
nega-pieces-1,mcts-05-10k-random,0.00012054336753432714
nega-pieces-1,mcts-10-10k-epsilon-75,0.000038407107596158166
nega-pieces-1,mcts-10-10k-epsilon-95,0.00007113375187651471
nega-pieces-1,mcts-10-10k-random,0.00010723132811350044
nega-pieces-1,mcts-full-1k-random,0.00008026809668037335
nega-pieces-1,nega-aggro-1,0.14574466836879535
nega-pieces-1,nega-aggro-2,0.006705880679626816
nega-pieces-1,nega-aggro-3,0.00027528381088176405
nega-pieces-1,nega-attack-1,0.04589890919616861
nega-pieces-1,nega-attack-2,0.002481555226950101
mcts-05-10k-epsilon-95,nega-center-1,969.3718113259368
nega-pieces-1,nega-attack-3,0.00010040573003907395
nega-pieces-1,nega-center-1,0.12750315801117373
nega-pieces-1,nega-center-2,0.007337055353578236
nega-pieces-1,nega-center-3,0.00031205940426412267
nega-pieces-1,nega-pieces-1,1.1395033574829954
nega-pieces-1,nega-pieces-2,0.13297260829859753
nega-pieces-1,nega-pieces-3,0.008422122711700565
nega-pieces-1,random,38.035329283569965
nega-pieces-2,mcts-05-10k-epsilon-75,0.000307984279103667
nega-pieces-2,mcts-05-10k-epsilon-95,0.00048380397428499897
mcts-05-10k-epsilon-95,nega-center-2,118.05204911482136
nega-pieces-2,mcts-05-10k-random,0.0006491278558311937
nega-pieces-2,mcts-10-10k-epsilon-75,0.00018869727617653803
nega-pieces-2,mcts-10-10k-epsilon-95,0.0003674167241777282
nega-pieces-2,mcts-10-10k-random,0.0004952669775136936
nega-pieces-2,mcts-full-1k-random,0.0004180046843352732
nega-pieces-2,nega-aggro-1,0.8811734689512416
nega-pieces-2,nega-aggro-2,0.07619441339628594
nega-pieces-2,nega-aggro-3,0.004587354891917644
nega-pieces-2,nega-attack-1,0.31124761072901863
nega-pieces-2,nega-attack-2,0.02001958582864363
mcts-05-10k-epsilon-95,nega-center-3,6.725152293100393
nega-pieces-2,nega-attack-3,0.0012368502649490606
nega-pieces-2,nega-center-1,0.6455168811610598
nega-pieces-2,nega-center-2,0.05447527120277472
nega-pieces-2,nega-center-3,0.004586175251247484
nega-pieces-2,nega-pieces-1,9.900528307333166
nega-pieces-2,nega-pieces-2,0.9737162794711887
nega-pieces-2,nega-pieces-3,0.11219432838282287
nega-pieces-2,random,199.8168507853974
nega-pieces-3,mcts-05-10k-epsilon-75,0.005210952658826334
nega-pieces-3,mcts-05-10k-epsilon-95,0.007584104841292493
mcts-05-10k-epsilon-95,nega-pieces-1,10328.61662916143
nega-pieces-3,mcts-05-10k-random,0.01266893525150562
nega-pieces-3,mcts-10-10k-epsilon-75,0.0026006057706922264
nega-pieces-3,mcts-10-10k-epsilon-95,0.006133009591323508
nega-pieces-3,mcts-10-10k-random,0.008820526471596205
nega-pieces-3,mcts-full-1k-random,0.0070124264289310265
nega-pieces-3,nega-aggro-1,10.16423984766466
nega-pieces-3,nega-aggro-2,0.797733378212291
nega-pieces-3,nega-aggro-3,0.05315072219041802
nega-pieces-3,nega-attack-1,4.123500296264213
nega-pieces-3,nega-attack-2,0.18111293981474139
mcts-05-10k-epsilon-95,nega-pieces-2,2742.286405887183
nega-pieces-3,nega-attack-3,0.019708950778093988
nega-pieces-3,nega-center-1,11.483205718770863
nega-pieces-3,nega-center-2,0.7429920822988322
nega-pieces-3,nega-center-3,0.04035168218264805
nega-pieces-3,nega-pieces-1,149.9998780617139
nega-pieces-3,nega-pieces-2,10.783256844401555
nega-pieces-3,nega-pieces-3,1.067027408223081
nega-pieces-3,random,3604.156734101916
random,mcts-05-10k-epsilon-75,0.0000017695326609381178
random,mcts-05-10k-epsilon-95,0.000003327166966826466
mcts-05-10k-epsilon-95,nega-pieces-3,157.83565402234052
random,mcts-05-10k-random,0.000004089864183257774
random,mcts-10-10k-epsilon-75,0.0000010541829405561919
random,mcts-10-10k-epsilon-95,0.000002353011709838937
random,mcts-10-10k-random,0.000003344497476371213
random,mcts-full-1k-random,0.000002542089096477598
random,nega-aggro-1,0.0030221405864134278
random,nega-aggro-2,0.00028809051466393524
random,nega-aggro-3,0.000017342122955422256
random,nega-attack-1,0.0009412690810683064
random,nega-attack-2,0.0001061054327896955
mcts-05-10k-epsilon-95,random,309322.46309757646
random,nega-attack-3,0.000004597660061288644
random,nega-center-1,0.002746319442834726
random,nega-center-2,0.0002736119261578736
random,nega-center-3,0.000012377915175764126
random,nega-pieces-1,0.026816842562315396
random,nega-pieces-2,0.005221550349082935
random,nega-pieces-3,0.00030088375412289385
random,random,0.9824467160845014
mcts-05-10k-random,mcts-05-10k-epsilon-75,0.4469849141386845
mcts-05-10k-random,mcts-05-10k-epsilon-95,0.7854518188294309
mcts-05-10k-epsilon-75,mcts-10-10k-epsilon-95,1.2682770050277044
mcts-05-10k-random,mcts-05-10k-random,1.0041650519759642
mcts-05-10k-random,mcts-10-10k-epsilon-75,0.2847755722656764
mcts-05-10k-random,mcts-10-10k-epsilon-95,0.5799518497731494
mcts-05-10k-random,mcts-10-10k-random,0.81627839052884
mcts-05-10k-random,mcts-full-1k-random,0.6389466799246385
mcts-05-10k-random,nega-aggro-1,783.2357505180461
mcts-05-10k-random,nega-aggro-2,124.86789887279728
mcts-05-10k-random,nega-aggro-3,5.520960441895901
mcts-05-10k-random,nega-attack-1,280.4305477988819
mcts-05-10k-random,nega-attack-2,40.14352539316494
mcts-05-10k-epsilon-75,mcts-10-10k-random,1.822831284830367
mcts-05-10k-random,nega-attack-3,2.3924415348730985
mcts-05-10k-random,nega-center-1,789.2561406800269
mcts-05-10k-random,nega-center-2,89.74378372834235
mcts-05-10k-random,nega-center-3,6.320816591062585
mcts-05-10k-random,nega-pieces-1,9044.139135698544
mcts-05-10k-random,nega-pieces-2,1725.0236977217166
mcts-05-10k-random,nega-pieces-3,140.61377274941663
mcts-05-10k-random,random,246870.19327625696
mcts-10-10k-epsilon-75,mcts-05-10k-epsilon-75,1.5918667316740411
mcts-10-10k-epsilon-75,mcts-05-10k-epsilon-95,2.8019764938350056
mcts-05-10k-epsilon-75,mcts-full-1k-random,1.4471378880233616
mcts-10-10k-epsilon-75,mcts-05-10k-random,3.460322100418118
mcts-10-10k-epsilon-75,mcts-10-10k-epsilon-75,1.0106050248774043
mcts-10-10k-epsilon-75,mcts-10-10k-epsilon-95,2.020923734162845
mcts-10-10k-epsilon-75,mcts-10-10k-random,2.846653211750925
mcts-10-10k-epsilon-75,mcts-full-1k-random,2.3492675359414
mcts-10-10k-epsilon-75,nega-aggro-1,2615.6616876804733
mcts-10-10k-epsilon-75,nega-aggro-2,279.99357662084856
mcts-10-10k-epsilon-75,nega-aggro-3,14.29421511416244
mcts-10-10k-epsilon-75,nega-attack-1,874.6574660258135
mcts-10-10k-epsilon-75,nega-attack-2,116.40911276843602
mcts-05-10k-epsilon-75,nega-aggro-1,1578.352798682919
mcts-10-10k-epsilon-75,nega-attack-3,5.197284605315311
mcts-10-10k-epsilon-75,nega-center-1,2393.636710271512
mcts-10-10k-epsilon-75,nega-center-2,318.8564529494626
mcts-10-10k-epsilon-75,nega-center-3,17.570319326122952
mcts-10-10k-epsilon-75,nega-pieces-1,25392.28569189535
mcts-10-10k-epsilon-75,nega-pieces-2,5867.201656079316
mcts-10-10k-epsilon-75,nega-pieces-3,416.84860542879204
mcts-10-10k-epsilon-75,random,917875.123377086
mcts-10-10k-epsilon-95,mcts-05-10k-epsilon-75,0.789407812778513
mcts-10-10k-epsilon-95,mcts-05-10k-epsilon-95,1.3679876265506292
mcts-05-10k-epsilon-75,nega-aggro-2,206.30105346510044
mcts-10-10k-epsilon-95,mcts-05-10k-random,1.7291737203330224
mcts-10-10k-epsilon-95,mcts-10-10k-epsilon-75,0.48428915257537
mcts-10-10k-epsilon-95,mcts-10-10k-epsilon-95,0.9968211709710216
mcts-10-10k-epsilon-95,mcts-10-10k-random,1.4123052220619303
mcts-10-10k-epsilon-95,mcts-full-1k-random,1.1379821227937028
mcts-10-10k-epsilon-95,nega-aggro-1,1289.3277007514946
mcts-10-10k-epsilon-95,nega-aggro-2,175.47341787604296
mcts-10-10k-epsilon-95,nega-aggro-3,8.194418579358082
mcts-10-10k-epsilon-95,nega-attack-1,458.3835696851958
mcts-10-10k-epsilon-95,nega-attack-2,66.94779936855043
mcts-10-10k-epsilon-95,nega-attack-3,4.2019840075416734
mcts-10-10k-epsilon-95,nega-center-1,1294.8947695478766
mcts-10-10k-epsilon-95,nega-center-2,173.70779880352126
mcts-10-10k-epsilon-95,nega-center-3,9.819381041160696
mcts-10-10k-epsilon-95,nega-pieces-1,12714.829994708532
mcts-10-10k-epsilon-95,nega-pieces-2,3914.5248342906693
mcts-10-10k-epsilon-95,nega-pieces-3,189.48574571680265
